language_a,language_b,cosine_similarity,rank
Hungarian,Hebrew,1.0000001192092896,1
Gujarati,Javanese,1,2
Gujarati,Polish,1,3
Gujarati,Punjabi,1,4
Gujarati,Czech,1,5
Gujarati,Amharic,1,6
Gujarati,Burmese,1,7
Gujarati,Khmer,1,8
Gujarati,Somali,1,9
Gujarati,Pashto,1,10
Gujarati,Tagalog,1,11
Javanese,Polish,1,12
Javanese,Punjabi,1,13
Javanese,Czech,1,14
Javanese,Amharic,1,15
Javanese,Burmese,1,16
Javanese,Khmer,1,17
Javanese,Somali,1,18
Javanese,Pashto,1,19
Javanese,Tagalog,1,20
Persian,Zulu,1,21
Polish,Punjabi,1,22
Polish,Czech,1,23
Polish,Amharic,1,24
Polish,Burmese,1,25
Polish,Khmer,1,26
Polish,Somali,1,27
Polish,Pashto,1,28
Polish,Tagalog,1,29
Punjabi,Czech,1,30
Punjabi,Amharic,1,31
Punjabi,Burmese,1,32
Punjabi,Khmer,1,33
Punjabi,Somali,1,34
Punjabi,Pashto,1,35
Punjabi,Tagalog,1,36
Czech,Amharic,1,37
Czech,Burmese,1,38
Czech,Khmer,1,39
Czech,Somali,1,40
Czech,Pashto,1,41
Czech,Tagalog,1,42
Amharic,Burmese,1,43
Amharic,Khmer,1,44
Amharic,Somali,1,45
Amharic,Pashto,1,46
Amharic,Tagalog,1,47
Burmese,Khmer,1,48
Burmese,Somali,1,49
Burmese,Pashto,1,50
Burmese,Tagalog,1,51
Khmer,Somali,1,52
Khmer,Pashto,1,53
Khmer,Tagalog,1,54
Somali,Pashto,1,55
Somali,Tagalog,1,56
Pashto,Tagalog,1,57
Malay,Ukrainian,0.9999998807907104,58
Odia,Romanian,0.9999998807907104,59
Odia,Nepali,0.9999998807907104,60
Romanian,Nepali,0.9999998807907104,61
Dutch,Greek,0.9999998807907104,62
Dutch,Sinhalese,0.9999998807907104,63
Greek,Sinhalese,0.9999998807907104,64
Swedish,Hausa,0.996772050857544,65
Kannada,Hungarian,0.9956283569335938,66
Kannada,Hebrew,0.9956283569335938,67
Gujarati,Dutch,0.9955902099609375,68
Gujarati,Greek,0.9955902099609375,69
Gujarati,Sinhalese,0.9955902099609375,70
Javanese,Dutch,0.9955902099609375,71
Javanese,Greek,0.9955902099609375,72
Javanese,Sinhalese,0.9955902099609375,73
Polish,Dutch,0.9955902099609375,74
Polish,Greek,0.9955902099609375,75
Polish,Sinhalese,0.9955902099609375,76
Punjabi,Dutch,0.9955902099609375,77
Punjabi,Greek,0.9955902099609375,78
Punjabi,Sinhalese,0.9955902099609375,79
Dutch,Czech,0.9955902099609375,80
Dutch,Amharic,0.9955902099609375,81
Dutch,Burmese,0.9955902099609375,82
Dutch,Khmer,0.9955902099609375,83
Dutch,Somali,0.9955902099609375,84
Dutch,Pashto,0.9955902099609375,85
Dutch,Tagalog,0.9955902099609375,86
Greek,Czech,0.9955902099609375,87
Greek,Amharic,0.9955902099609375,88
Greek,Burmese,0.9955902099609375,89
Greek,Khmer,0.9955902099609375,90
Greek,Somali,0.9955902099609375,91
Greek,Pashto,0.9955902099609375,92
Greek,Tagalog,0.9955902099609375,93
Czech,Sinhalese,0.9955902099609375,94
Amharic,Sinhalese,0.9955902099609375,95
Burmese,Sinhalese,0.9955902099609375,96
Khmer,Sinhalese,0.9955902099609375,97
Sinhalese,Somali,0.9955902099609375,98
Sinhalese,Pashto,0.9955902099609375,99
Sinhalese,Tagalog,0.9955902099609375,100
Dutch,Hungarian,0.9937477111816406,101
Dutch,Hebrew,0.9937477111816406,102
Greek,Hungarian,0.9937477111816406,103
Greek,Hebrew,0.9937477111816406,104
Hungarian,Sinhalese,0.9937477111816406,105
Sinhalese,Hebrew,0.9937477111816406,106
Arabic,Arabic,0.9934998750686646,107
Gujarati,Hungarian,0.9862185120582581,108
Gujarati,Hebrew,0.9862185120582581,109
Javanese,Hungarian,0.9862185120582581,110
Javanese,Hebrew,0.9862185120582581,111
Polish,Hungarian,0.9862185120582581,112
Polish,Hebrew,0.9862185120582581,113
Punjabi,Hungarian,0.9862185120582581,114
Punjabi,Hebrew,0.9862185120582581,115
Czech,Hungarian,0.9862185120582581,116
Czech,Hebrew,0.9862185120582581,117
Hungarian,Amharic,0.9862185120582581,118
Hungarian,Burmese,0.9862185120582581,119
Hungarian,Khmer,0.9862185120582581,120
Hungarian,Somali,0.9862185120582581,121
Hungarian,Pashto,0.9862185120582581,122
Hungarian,Tagalog,0.9862185120582581,123
Amharic,Hebrew,0.9862185120582581,124
Burmese,Hebrew,0.9862185120582581,125
Khmer,Hebrew,0.9862185120582581,126
Somali,Hebrew,0.9862185120582581,127
Pashto,Hebrew,0.9862185120582581,128
Tagalog,Hebrew,0.9862185120582581,129
Kannada,Dutch,0.9849227070808411,130
Kannada,Greek,0.9849227070808411,131
Kannada,Sinhalese,0.9849227070808411,132
Bengali,Telugu,0.9819623827934265,133
Malay,Danish,0.9818981289863586,134
Ukrainian,Danish,0.9818981289863586,135
German,German,0.9785454273223877,136
Hausa,Danish,0.9777861833572388,137
Gujarati,Persian,0.9777690172195435,138
Gujarati,Zulu,0.9777690172195435,139
Javanese,Persian,0.9777690172195435,140
Javanese,Zulu,0.9777690172195435,141
Persian,Polish,0.9777690172195435,142
Persian,Punjabi,0.9777690172195435,143
Persian,Czech,0.9777690172195435,144
Persian,Amharic,0.9777690172195435,145
Persian,Burmese,0.9777690172195435,146
Persian,Khmer,0.9777690172195435,147
Persian,Somali,0.9777690172195435,148
Persian,Pashto,0.9777690172195435,149
Persian,Tagalog,0.9777690172195435,150
Polish,Zulu,0.9777690172195435,151
Punjabi,Zulu,0.9777690172195435,152
Czech,Zulu,0.9777690172195435,153
Zulu,Amharic,0.9777690172195435,154
Zulu,Burmese,0.9777690172195435,155
Zulu,Khmer,0.9777690172195435,156
Zulu,Somali,0.9777690172195435,157
Zulu,Pashto,0.9777690172195435,158
Zulu,Tagalog,0.9777690172195435,159
Malay,Hausa,0.9768126010894775,160
Ukrainian,Hausa,0.9768126010894775,161
Bengali,Tamil,0.9756631851196289,162
Persian,Odia,0.9754616022109985,163
Persian,Romanian,0.9754616022109985,164
Persian,Nepali,0.9754616022109985,165
Odia,Zulu,0.9754616022109985,166
Romanian,Zulu,0.9754616022109985,167
Zulu,Nepali,0.9754616022109985,168
Gujarati,Odia,0.9752702713012695,169
Gujarati,Romanian,0.9752702713012695,170
Gujarati,Nepali,0.9752702713012695,171
Javanese,Odia,0.9752702713012695,172
Javanese,Romanian,0.9752702713012695,173
Javanese,Nepali,0.9752702713012695,174
Polish,Odia,0.9752702713012695,175
Polish,Romanian,0.9752702713012695,176
Polish,Nepali,0.9752702713012695,177
Odia,Punjabi,0.9752702713012695,178
Odia,Czech,0.9752702713012695,179
Odia,Amharic,0.9752702713012695,180
Odia,Burmese,0.9752702713012695,181
Odia,Khmer,0.9752702713012695,182
Odia,Somali,0.9752702713012695,183
Odia,Pashto,0.9752702713012695,184
Odia,Tagalog,0.9752702713012695,185
Punjabi,Romanian,0.9752702713012695,186
Punjabi,Nepali,0.9752702713012695,187
Romanian,Czech,0.9752702713012695,188
Romanian,Amharic,0.9752702713012695,189
Romanian,Burmese,0.9752702713012695,190
Romanian,Khmer,0.9752702713012695,191
Romanian,Somali,0.9752702713012695,192
Romanian,Pashto,0.9752702713012695,193
Romanian,Tagalog,0.9752702713012695,194
Czech,Nepali,0.9752702713012695,195
Amharic,Nepali,0.9752702713012695,196
Burmese,Nepali,0.9752702713012695,197
Khmer,Nepali,0.9752702713012695,198
Somali,Nepali,0.9752702713012695,199
Nepali,Pashto,0.9752702713012695,200
Nepali,Tagalog,0.9752702713012695,201
Telugu,Tamil,0.9739269018173218,202
Gujarati,Kannada,0.9718863368034363,203
Javanese,Kannada,0.9718863368034363,204
Polish,Kannada,0.9718863368034363,205
Kannada,Punjabi,0.9718863368034363,206
Kannada,Czech,0.9718863368034363,207
Kannada,Amharic,0.9718863368034363,208
Kannada,Burmese,0.9718863368034363,209
Kannada,Khmer,0.9718863368034363,210
Kannada,Somali,0.9718863368034363,211
Kannada,Pashto,0.9718863368034363,212
Kannada,Tagalog,0.9718863368034363,213
Swedish,Danish,0.9710951447486877,214
Persian,Dutch,0.9702414274215698,215
Persian,Greek,0.9702414274215698,216
Persian,Sinhalese,0.9702414274215698,217
Dutch,Zulu,0.9702414274215698,218
Greek,Zulu,0.9702414274215698,219
Zulu,Sinhalese,0.9702414274215698,220
German,Swahili,0.9692156314849854,221
Urdu,Urdu,0.9677416086196899,222
Russian,Russian,0.967706561088562,223
German,Swahili,0.9671936631202698,224
German,Korean,0.9671290516853333,225
Marathi,Korean,0.9670568704605103,226
English,German,0.9664372801780701,227
Japanese,Marathi,0.965303361415863,228
Swahili,Tamil,0.9646740555763245,229
Malay,Swedish,0.9645845890045166,230
Ukrainian,Swedish,0.9645845890045166,231
German,Marathi,0.9641754031181335,232
Arabic,Korean,0.9639000296592712,233
Portuguese,German,0.9636991620063782,234
German,Japanese,0.963578462600708,235
Urdu,German,0.9634597897529602,236
Arabic,Korean,0.9634184241294861,237
Bengali,German,0.9632968306541443,238
German,Urdu,0.9631178975105286,239
English,German,0.9630681872367859,240
German,Marathi,0.9622026681900024,241
Japanese,Japanese,0.9621667861938477,242
German,Korean,0.961146354675293,243
Arabic,German,0.9608327150344849,244
Indonesian,Indonesian,0.9601976871490479,245
Portuguese,Korean,0.9601314067840576,246
Odia,Dutch,0.9599732160568237,247
Odia,Greek,0.9599732160568237,248
Odia,Sinhalese,0.9599732160568237,249
Romanian,Dutch,0.9599732160568237,250
Romanian,Greek,0.9599732160568237,251
Romanian,Sinhalese,0.9599732160568237,252
Dutch,Nepali,0.9599732160568237,253
Greek,Nepali,0.9599732160568237,254
Sinhalese,Nepali,0.9599732160568237,255
Bengali,Swahili,0.9598665237426758,256
Urdu,Korean,0.9595895409584045,257
German,Telugu,0.9593443870544434,258
Japanese,Korean,0.9593157172203064,259
Indonesian,Japanese,0.9590412378311157,260
Bengali,Bengali,0.9585390090942383,261
Arabic,German,0.9584786891937256,262
Gujarati,Malay,0.9580892324447632,263
Gujarati,Ukrainian,0.9580892324447632,264
Javanese,Malay,0.9580892324447632,265
Javanese,Ukrainian,0.9580892324447632,266
Polish,Malay,0.9580892324447632,267
Polish,Ukrainian,0.9580892324447632,268
Malay,Punjabi,0.9580892324447632,269
Malay,Czech,0.9580892324447632,270
Malay,Amharic,0.9580892324447632,271
Malay,Burmese,0.9580892324447632,272
Malay,Khmer,0.9580892324447632,273
Malay,Somali,0.9580892324447632,274
Malay,Pashto,0.9580892324447632,275
Malay,Tagalog,0.9580892324447632,276
Punjabi,Ukrainian,0.9580892324447632,277
Ukrainian,Czech,0.9580892324447632,278
Ukrainian,Amharic,0.9580892324447632,279
Ukrainian,Burmese,0.9580892324447632,280
Ukrainian,Khmer,0.9580892324447632,281
Ukrainian,Somali,0.9580892324447632,282
Ukrainian,Pashto,0.9580892324447632,283
Ukrainian,Tagalog,0.9580892324447632,284
Urdu,Marathi,0.9579583406448364,285
Swahili,Telugu,0.9578856229782104,286
Mandarin Chinese,Swahili,0.9578617811203003,287
Indonesian,Marathi,0.9577317237854004,288
German,Bengali,0.9576396942138672,289
German,Japanese,0.9573618769645691,290
Russian,Indonesian,0.9572820663452148,291
Swahili,Korean,0.9572146534919739,292
Arabic,Bengali,0.9569328427314758,293
Marathi,Turkish,0.9567586779594421,294
German,Turkish,0.9566072821617126,295
Portuguese,Portuguese,0.9560577869415283,296
Malay,Dutch,0.9555941224098206,297
Malay,Greek,0.9555941224098206,298
Malay,Sinhalese,0.9555941224098206,299
Ukrainian,Dutch,0.9555941224098206,300
Ukrainian,Greek,0.9555941224098206,301
Ukrainian,Sinhalese,0.9555941224098206,302
Japanese,Swahili,0.9552194476127625,303
English,Turkish,0.9552149772644043,304
Portuguese,Indonesian,0.9551326036453247,305
English,Swahili,0.9551005363464355,306
Arabic,Japanese,0.9548238515853882,307
Portuguese,Korean,0.9547936916351318,308
Portuguese,German,0.9545754194259644,309
English,Hindi,0.9545465707778931,310
Bengali,Korean,0.9545049667358398,311
Swahili,Turkish,0.9543588757514954,312
Telugu,Korean,0.9543524980545044,313
German,Telugu,0.9543102383613586,314
German,Tamil,0.9541610479354858,315
Persian,Hungarian,0.9538416862487793,316
Persian,Hebrew,0.9538416862487793,317
Hungarian,Zulu,0.9538416862487793,318
Zulu,Hebrew,0.9538416862487793,319
Russian,Indonesian,0.9534957408905029,320
Russian,German,0.9533872008323669,321
Arabic,Marathi,0.9532721042633057,322
Bengali,Japanese,0.9531441330909729,323
Portuguese,Marathi,0.9531294107437134,324
German,Turkish,0.9531228542327881,325
Portuguese,Turkish,0.9530767202377319,326
Russian,Japanese,0.9530242681503296,327
German,Tamil,0.9528932571411133,328
Arabic,Cantonese,0.9527612924575806,329
Japanese,Tamil,0.9523997902870178,330
Swahili,Marathi,0.9523864388465881,331
Urdu,Indonesian,0.952318012714386,332
Spanish,German,0.9522433876991272,333
Dutch,Hausa,0.9519966840744019,334
Greek,Hausa,0.9519966840744019,335
Hausa,Sinhalese,0.9519966840744019,336
Indonesian,Russian,0.9518685340881348,337
Malay,Hungarian,0.9518389701843262,338
Malay,Hebrew,0.9518389701843262,339
Ukrainian,Hungarian,0.9518389701843262,340
Ukrainian,Hebrew,0.9518389701843262,341
Portuguese,Japanese,0.9516540765762329,342
Portuguese,Marathi,0.9515661001205444,343
Russian,Italian,0.9513789415359497,344
Urdu,Swahili,0.9513747692108154,345
Arabic,Telugu,0.95131915807724,346
Japanese,Marathi,0.9512807130813599,347
Japanese,Turkish,0.9512231349945068,348
English,Bengali,0.9512227773666382,349
Arabic,Portuguese,0.9511905312538147,350
Gujarati,Hausa,0.9511625170707703,351
Javanese,Hausa,0.9511625170707703,352
Polish,Hausa,0.9511625170707703,353
Punjabi,Hausa,0.9511625170707703,354
Czech,Hausa,0.9511625170707703,355
Amharic,Hausa,0.9511625170707703,356
Hausa,Burmese,0.9511625170707703,357
Hausa,Khmer,0.9511625170707703,358
Hausa,Somali,0.9511625170707703,359
Hausa,Pashto,0.9511625170707703,360
Hausa,Tagalog,0.9511625170707703,361
Turkish,Korean,0.9511139392852783,362
Russian,German,0.9511064291000366,363
Portuguese,Indonesian,0.9510483145713806,364
Arabic,Japanese,0.9508528113365173,365
Arabic,Marathi,0.9507856369018555,366
Portuguese,Telugu,0.9507819414138794,367
Gujarati,Danish,0.9505473971366882,368
Javanese,Danish,0.9505473971366882,369
Polish,Danish,0.9505473971366882,370
Punjabi,Danish,0.9505473971366882,371
Czech,Danish,0.9505473971366882,372
Amharic,Danish,0.9505473971366882,373
Burmese,Danish,0.9505473971366882,374
Khmer,Danish,0.9505473971366882,375
Somali,Danish,0.9505473971366882,376
Pashto,Danish,0.9505473971366882,377
Tagalog,Danish,0.9505473971366882,378
Arabic,Bengali,0.9502567052841187,379
Dutch,Danish,0.9501737952232361,380
Greek,Danish,0.9501737952232361,381
Sinhalese,Danish,0.9501737952232361,382
English,Italian,0.9501231908798218,383
Portuguese,Japanese,0.9501131772994995,384
English,Portuguese,0.9497878551483154,385
Arabic,Portuguese,0.9497526288032532,386
Arabic,Tamil,0.9496570229530334,387
French,German,0.949553906917572,388
Hindi,German,0.9494764804840088,389
Portuguese,Swahili,0.9494671821594238,390
Japanese,Telugu,0.9493894577026367,391
Indonesian,German,0.9492278695106506,392
English,Japanese,0.9491137266159058,393
Russian,Japanese,0.9490204453468323,394
Bengali,Cantonese,0.9488981366157532,395
Spanish,Turkish,0.948837161064148,396
Urdu,Tamil,0.9488174319267273,397
Hindi,Korean,0.9487382173538208,398
Mandarin Chinese,Korean,0.9486079812049866,399
French,German,0.9484868049621582,400
Tamil,Korean,0.9484448432922363,401
German,Arabic,0.9483444094657898,402
Arabic,German,0.948249101638794,403
Bengali,Marathi,0.9482223987579346,404
Turkish,Tamil,0.9482187032699585,405
Bengali,Turkish,0.9479809403419495,406
Urdu,German,0.947925865650177,407
Portuguese,Bengali,0.9479071497917175,408
Urdu,Turkish,0.9478976130485535,409
English,Tamil,0.947803795337677,410
German,Portuguese,0.947743833065033,411
Mandarin Chinese,German,0.9477205276489258,412
Urdu,Tamil,0.9477007389068604,413
Portuguese,German,0.9476366639137268,414
Russian,Urdu,0.9475823044776917,415
Bengali,Portuguese,0.9475489854812622,416
Hungarian,Danish,0.9474532008171082,417
Hebrew,Danish,0.9474532008171082,418
Urdu,Telugu,0.9473834037780762,419
German,Cantonese,0.9472920894622803,420
English,Russian,0.9472530484199524,421
Russian,Marathi,0.9471520185470581,422
Telugu,Turkish,0.947135329246521,423
Spanish,Japanese,0.9470407962799072,424
Dutch,Swedish,0.9469141364097595,425
Greek,Swedish,0.9469141364097595,426
Swedish,Sinhalese,0.9469141364097595,427
Arabic,Cantonese,0.9468621611595154,428
English,Marathi,0.9467837810516357,429
Indonesian,German,0.9467243552207947,430
Portuguese,Swahili,0.946664035320282,431
English,Korean,0.946644127368927,432
Urdu,Vietnamese,0.9465773701667786,433
Portuguese,Cantonese,0.9464844465255737,434
Indonesian,Italian,0.9464297294616699,435
German,Italian,0.9463839530944824,436
Russian,Indonesian,0.9462668895721436,437
Arabic,Tamil,0.9462580680847168,438
Bengali,Telugu,0.9460755586624146,439
Urdu,Indonesian,0.9460518956184387,440
Cantonese,Korean,0.9459553956985474,441
Gujarati,Swedish,0.9458761215209961,442
Javanese,Swedish,0.9458761215209961,443
Polish,Swedish,0.9458761215209961,444
Punjabi,Swedish,0.9458761215209961,445
Czech,Swedish,0.9458761215209961,446
Swedish,Amharic,0.9458761215209961,447
Swedish,Burmese,0.9458761215209961,448
Swedish,Khmer,0.9458761215209961,449
Swedish,Somali,0.9458761215209961,450
Swedish,Pashto,0.9458761215209961,451
Swedish,Tagalog,0.9458761215209961,452
Arabic,Urdu,0.9458613991737366,453
French,Indonesian,0.945842444896698,454
Russian,Korean,0.9458091855049133,455
Russian,German,0.9457956552505493,456
Bengali,Tamil,0.9457691311836243,457
Marathi,Cantonese,0.9456526041030884,458
Telugu,Cantonese,0.9454315304756165,459
English,Portuguese,0.9452970027923584,460
Urdu,Japanese,0.9450852870941162,461
Arabic,Swahili,0.9449895620346069,462
French,Portuguese,0.9448834657669067,463
Arabic,Telugu,0.9448474645614624,464
English,Telugu,0.9447143077850342,465
Korean,Thai,0.9446613192558289,466
Persian,Hausa,0.9446423053741455,467
Zulu,Hausa,0.9446423053741455,468
Japanese,Cantonese,0.9445780515670776,469
Hindi,Turkish,0.9444781541824341,470
Japanese,Vietnamese,0.9444499611854553,471
Arabic,Turkish,0.9443577527999878,472
French,Marathi,0.9442844390869141,473
Mandarin Chinese,Arabic,0.9442713260650635,474
Japanese,Korean,0.9442680478096008,475
Korean,Vietnamese,0.9442341923713684,476
Hindi,German,0.9441559314727783,477
Portuguese,Russian,0.9440996646881104,478
Arabic,Swahili,0.9440560340881348,479
Indonesian,Korean,0.9439061284065247,480
Arabic,Indonesian,0.9437007904052734,481
Mandarin Chinese,German,0.943692684173584,482
Swahili,Cantonese,0.943673849105835,483
English,Indonesian,0.9436558485031128,484
Bengali,Arabic,0.943591833114624,485
French,Indonesian,0.943518340587616,486
Hindi,Urdu,0.9434091448783875,487
German,Indonesian,0.9433900713920593,488
Marathi,Telugu,0.9432038068771362,489
Marathi,Tamil,0.9431989192962646,490
Portuguese,Arabic,0.9431506991386414,491
Mandarin Chinese,Vietnamese,0.9430469274520874,492
Hindi,Arabic,0.9430297613143921,493
Hungarian,Hausa,0.9430191516876221,494
Hausa,Hebrew,0.9430191516876221,495
Indonesian,Swahili,0.9429395198822021,496
German,Russian,0.9429267048835754,497
French,Russian,0.9428896903991699,498
Arabic,Portuguese,0.9427868127822876,499
Mandarin Chinese,Arabic,0.9427707195281982,500
German,Italian,0.9427646994590759,501
Spanish,German,0.9426981210708618,502
Odia,Hungarian,0.9426798820495605,503
Odia,Hebrew,0.9426798820495605,504
Romanian,Hungarian,0.9426798820495605,505
Romanian,Hebrew,0.9426798820495605,506
Hungarian,Nepali,0.9426798820495605,507
Nepali,Hebrew,0.9426798820495605,508
Portuguese,Indonesian,0.9426048398017883,509
Bengali,Indonesian,0.9425528049468994,510
Spanish,Telugu,0.9425093531608582,511
Russian,Portuguese,0.9424452185630798,512
Indonesian,Thai,0.9423321485519409,513
Arabic,Turkish,0.9423177242279053,514
Swahili,Italian,0.9421250224113464,515
Indonesian,Telugu,0.9421178698539734,516
Portuguese,Tamil,0.9421135783195496,517
Russian,Telugu,0.9421085715293884,518
Mandarin Chinese,Japanese,0.9419563412666321,519
Turkish,Italian,0.9417686462402344,520
Persian,Swedish,0.9416663646697998,521
Swedish,Zulu,0.9416663646697998,522
Mandarin Chinese,Marathi,0.9416147470474243,523
Malay,Kannada,0.9413618445396423,524
Kannada,Ukrainian,0.9413618445396423,525
Hindi,Tamil,0.9412258863449097,526
Indonesian,Tamil,0.94120192527771,527
French,Portuguese,0.941145658493042,528
Portuguese,Italian,0.9411231875419617,529
Indonesian,Bengali,0.9410195350646973,530
French,Swahili,0.9408511519432068,531
Odia,Swedish,0.9408027529716492,532
Romanian,Swedish,0.9408027529716492,533
Swedish,Nepali,0.9408027529716492,534
Portuguese,Urdu,0.9407559037208557,535
Spanish,Portuguese,0.9407187104225159,536
Russian,Swahili,0.9406229257583618,537
Indonesian,Italian,0.9405725598335266,538
Indonesian,Urdu,0.9404959678649902,539
Russian,Bengali,0.9404243230819702,540
Arabic,Urdu,0.9402287602424622,541
Bengali,Urdu,0.9402047991752625,542
Indonesian,Turkish,0.9401600360870361,543
Hindi,Italian,0.9401016235351562,544
Urdu,Italian,0.9399282932281494,545
Cantonese,Vietnamese,0.9398151636123657,546
Indonesian,German,0.9397991895675659,547
Bengali,Japanese,0.939580500125885,548
Hungarian,Swedish,0.93924880027771,549
Swedish,Hebrew,0.93924880027771,550
Japanese,Vietnamese,0.9392181634902954,551
Odia,Danish,0.9390502572059631,552
Romanian,Danish,0.9390502572059631,553
Nepali,Danish,0.9390502572059631,554
Bengali,Japanese,0.9390368461608887,555
Japanese,Indonesian,0.9389963746070862,556
French,Cantonese,0.9388440251350403,557
Portuguese,Telugu,0.9387557506561279,558
Persian,Kannada,0.9387245178222656,559
Kannada,Zulu,0.9387245178222656,560
Indonesian,Japanese,0.9386882781982422,561
Spanish,Portuguese,0.9386630654335022,562
French,Bengali,0.9386362433433533,563
Hindi,Arabic,0.9385025501251221,564
Russian,Arabic,0.9384143352508545,565
French,Turkish,0.9384140372276306,566
Mandarin Chinese,Japanese,0.9383994340896606,567
Mandarin Chinese,Cantonese,0.9383437037467957,568
Odia,Hausa,0.9383292198181152,569
Romanian,Hausa,0.9383292198181152,570
Hausa,Nepali,0.9383292198181152,571
Urdu,Swahili,0.9383016228675842,572
English,Spanish,0.9382485151290894,573
Bengali,Turkish,0.938198447227478,574
Spanish,Indonesian,0.9381936192512512,575
Hindi,Japanese,0.9381309747695923,576
Hindi,Swahili,0.9379401803016663,577
English,Arabic,0.937865674495697,578
Indonesian,Tamil,0.9377843141555786,579
English,Urdu,0.9377554059028625,580
English,Arabic,0.937717080116272,581
Spanish,Urdu,0.9376920461654663,582
Russian,Turkish,0.9376500844955444,583
Hindi,Vietnamese,0.9376327395439148,584
Bengali,Russian,0.9375309348106384,585
Persian,Malay,0.9374839067459106,586
Persian,Ukrainian,0.9374839067459106,587
Malay,Zulu,0.9374839067459106,588
Ukrainian,Zulu,0.9374839067459106,589
Indonesian,Cantonese,0.9374206066131592,590
Spanish,Korean,0.9373275637626648,591
Arabic,Indonesian,0.9372599720954895,592
Mandarin Chinese,Tamil,0.937195360660553,593
English,Indonesian,0.9371507167816162,594
Hindi,Urdu,0.9370810985565186,595
Hindi,French,0.936882734298706,596
French,Urdu,0.9368520975112915,597
Urdu,Korean,0.9368454217910767,598
Indonesian,Portuguese,0.9367464780807495,599
Urdu,German,0.9367091059684753,600
Portuguese,Cantonese,0.9366973638534546,601
Urdu,Cantonese,0.9366968870162964,602
Japanese,Turkish,0.9366004467010498,603
Urdu,Japanese,0.9365546703338623,604
English,Mandarin Chinese,0.936509907245636,605
Bengali,Italian,0.9364712238311768,606
Spanish,Tamil,0.936423659324646,607
Persian,Danish,0.9364136457443237,608
Zulu,Danish,0.9364136457443237,609
Hindi,Bengali,0.9363855123519897,610
Russian,Korean,0.9363120198249817,611
Mandarin Chinese,Urdu,0.9363096356391907,612
French,Russian,0.9362995624542236,613
Arabic,Indonesian,0.9361564517021179,614
English,French,0.9361417293548584,615
Arabic,Bengali,0.9360866546630859,616
Hindi,Russian,0.9360858201980591,617
Bengali,Indonesian,0.9359910488128662,618
Japanese,Swahili,0.9359234571456909,619
Arabic,Japanese,0.9358861446380615,620
Turkish,Cantonese,0.9356953501701355,621
Kannada,Danish,0.9355049133300781,622
Bengali,Korean,0.9354996085166931,623
Russian,Cantonese,0.9352247714996338,624
Japanese,Telugu,0.9352209568023682,625
English,Japanese,0.9351786375045776,626
Urdu,Indonesian,0.9351524114608765,627
French,Korean,0.9350606799125671,628
Portuguese,Turkish,0.9349934458732605,629
Bengali,Urdu,0.9348012804985046,630
Indonesian,Thai,0.9347006678581238,631
Portuguese,Urdu,0.9346849918365479,632
Malay,Odia,0.9346309900283813,633
Malay,Romanian,0.9346309900283813,634
Malay,Nepali,0.9346309900283813,635
Odia,Ukrainian,0.9346309900283813,636
Ukrainian,Romanian,0.9346309900283813,637
Ukrainian,Nepali,0.9346309900283813,638
Arabic,Russian,0.934499204158783,639
Arabic,Russian,0.9344501495361328,640
Arabic,Russian,0.9344133138656616,641
Korean,Italian,0.9343594908714294,642
Bengali,German,0.9343044757843018,643
Urdu,Telugu,0.9342919588088989,644
Marathi,Vietnamese,0.9342856407165527,645
Japanese,Russian,0.9342350363731384,646
French,Japanese,0.9341815710067749,647
Mandarin Chinese,Hindi,0.9340591430664062,648
Mandarin Chinese,Bengali,0.9340377449989319,649
Bengali,Vietnamese,0.9339854717254639,650
Indonesian,Turkish,0.933966338634491,651
Spanish,Indonesian,0.9339525699615479,652
Japanese,Thai,0.9338046908378601,653
Urdu,Italian,0.9337958693504333,654
Indonesian,Telugu,0.9337952136993408,655
Japanese,Bengali,0.9336193799972534,656
Portuguese,Russian,0.9335506558418274,657
Japanese,Arabic,0.9333144426345825,658
Spanish,Russian,0.9332348108291626,659
Japanese,Tamil,0.9332241415977478,660
Portuguese,Russian,0.9330350160598755,661
Mandarin Chinese,Telugu,0.9330223202705383,662
Urdu,Turkish,0.9330159425735474,663
Bengali,Marathi,0.932985782623291,664
Italian,Thai,0.9329818487167358,665
Kannada,Hausa,0.9329211115837097,666
Turkish,Vietnamese,0.9327895045280457,667
Russian,Telugu,0.9327325820922852,668
Tamil,Vietnamese,0.9326573610305786,669
Indonesian,Marathi,0.9325156211853027,670
Tamil,Italian,0.9323906898498535,671
French,Telugu,0.9323538541793823,672
Mandarin Chinese,Thai,0.9323437809944153,673
Mandarin Chinese,Urdu,0.9323292970657349,674
Swahili,Vietnamese,0.9323215484619141,675
Indonesian,Vietnamese,0.9322939515113831,676
Japanese,German,0.9321885704994202,677
Vietnamese,Thai,0.9321680068969727,678
Telugu,Italian,0.9321412444114685,679
Hindi,Indonesian,0.9321158528327942,680
English,Russian,0.9320886731147766,681
German,Thai,0.9320065379142761,682
Russian,Marathi,0.9319860339164734,683
Hindi,Telugu,0.9318679571151733,684
Spanish,Urdu,0.9316920042037964,685
Japanese,Portuguese,0.9316755533218384,686
Hindi,Marathi,0.9315979480743408,687
Spanish,Marathi,0.9315757751464844,688
Portuguese,Tamil,0.9314906001091003,689
Indonesian,Swahili,0.9314813613891602,690
Russian,Italian,0.9313943386077881,691
Marathi,Italian,0.9313715100288391,692
Urdu,Marathi,0.9313305020332336,693
Urdu,Vietnamese,0.9310030937194824,694
Kannada,Swedish,0.9309933185577393,695
Mandarin Chinese,Turkish,0.9307324886322021,696
Hindi,Russian,0.9307008981704712,697
Russian,Vietnamese,0.9306959509849548,698
Spanish,Swahili,0.9305804967880249,699
Cantonese,Thai,0.9304724335670471,700
Russian,Thai,0.9304312467575073,701
German,Vietnamese,0.9303563833236694,702
Russian,Swahili,0.930294394493103,703
English,Bengali,0.9302865266799927,704
Hindi,Indonesian,0.9302089810371399,705
Indonesian,Korean,0.9301855564117432,706
Portuguese,Italian,0.9301396012306213,707
Bengali,Swahili,0.9300645589828491,708
French,Arabic,0.9300586581230164,709
English,Urdu,0.9300082921981812,710
Bengali,Vietnamese,0.9299347400665283,711
Indonesian,Vietnamese,0.9298921227455139,712
Russian,Thai,0.9298763275146484,713
Bengali,German,0.9297541379928589,714
Bengali,Russian,0.929734468460083,715
Telugu,Vietnamese,0.9296536445617676,716
Mandarin Chinese,Bengali,0.9295872449874878,717
Spanish,Bengali,0.9294834136962891,718
Spanish,Russian,0.9291967749595642,719
Japanese,Thai,0.92911696434021,720
Hindi,Spanish,0.9290411472320557,721
Russian,Vietnamese,0.928771436214447,722
Bengali,Cantonese,0.9287360310554504,723
Indonesian,Cantonese,0.9287360310554504,724
Tamil,Cantonese,0.9287233948707581,725
Spanish,Arabic,0.9285517930984497,726
Portuguese,Urdu,0.9283161759376526,727
Indonesian,Japanese,0.9282952547073364,728
French,Italian,0.9282039999961853,729
French,Arabic,0.9280187487602234,730
Bengali,Portuguese,0.9280077815055847,731
Arabic,Thai,0.9279159307479858,732
Portuguese,Thai,0.9278672933578491,733
Russian,Turkish,0.9278360605239868,734
Cantonese,Italian,0.9277302026748657,735
Russian,Urdu,0.9275732636451721,736
Urdu,Japanese,0.9271731376647949,737
Indonesian,Arabic,0.9271337985992432,738
Bengali,Urdu,0.927055835723877,739
Russian,Tamil,0.9270181655883789,740
Hindi,Portuguese,0.9268448352813721,741
Japanese,Cantonese,0.9266536235809326,742
Portuguese,Thai,0.9263396263122559,743
Russian,Tamil,0.9262487888336182,744
Mandarin Chinese,Indonesian,0.9261622428894043,745
Urdu,Thai,0.9259881377220154,746
French,Vietnamese,0.9258354306221008,747
German,Vietnamese,0.9257112741470337,748
German,Thai,0.9255803823471069,749
Arabic,Vietnamese,0.9255608916282654,750
Japanese,Italian,0.9253168106079102,751
Portuguese,Vietnamese,0.9252994060516357,752
Russian,Japanese,0.9252611398696899,753
Urdu,Bengali,0.925232470035553,754
Arabic,Italian,0.9248924255371094,755
Hindi,Japanese,0.9248772859573364,756
Mandarin Chinese,Portuguese,0.9248526096343994,757
German,Japanese,0.9246671199798584,758
French,Tamil,0.9246103167533875,759
Arabic,Thai,0.9244801998138428,760
Vietnamese,Italian,0.9244335293769836,761
French,Urdu,0.9242648482322693,762
Marathi,Thai,0.924050509929657,763
Bengali,Italian,0.9237985014915466,764
Telugu,Thai,0.9235357046127319,765
Portuguese,Japanese,0.9230943322181702,766
Bengali,Russian,0.9225242137908936,767
German,Cantonese,0.922431230545044,768
Spanish,Arabic,0.9220574498176575,769
Japanese,Urdu,0.9219995737075806,770
Bengali,Thai,0.9213922619819641,771
Hindi,Portuguese,0.9213615655899048,772
Kannada,Odia,0.9210578203201294,773
Kannada,Romanian,0.9210578203201294,774
Kannada,Nepali,0.9210578203201294,775
Mandarin Chinese,Portuguese,0.9209746718406677,776
Arabic,Urdu,0.9208323359489441,777
Spanish,French,0.9206342101097107,778
Arabic,Italian,0.9200503826141357,779
Hindi,Cantonese,0.9199784994125366,780
Urdu,Arabic,0.9199774265289307,781
Russian,Urdu,0.9199408292770386,782
Mandarin Chinese,Indonesian,0.9198427200317383,783
French,Japanese,0.9191840887069702,784
Bengali,Indonesian,0.919154703617096,785
Spanish,Japanese,0.9191380739212036,786
Portuguese,Vietnamese,0.9191142320632935,787
Russian,Cantonese,0.9188808798789978,788
Urdu,Thai,0.9185696244239807,789
Spanish,Cantonese,0.9185478091239929,790
Mandarin Chinese,French,0.9185249209403992,791
Bengali,Thai,0.9183945655822754,792
Arabic,Vietnamese,0.9183712601661682,793
Bengali,Portuguese,0.9183299541473389,794
Turkish,Thai,0.9178115725517273,795
Urdu,Russian,0.9177953600883484,796
Hindi,Bengali,0.9172453880310059,797
Mandarin Chinese,Italian,0.9167961478233337,798
Mandarin Chinese,Russian,0.9167773723602295,799
English,Cantonese,0.9167647957801819,800
Tamil,Thai,0.9165968894958496,801
Spanish,Vietnamese,0.9165345430374146,802
Mandarin Chinese,Russian,0.9164045453071594,803
Swahili,Thai,0.9162809252738953,804
Spanish,Italian,0.9161742925643921,805
English,Vietnamese,0.9158579111099243,806
French,Bengali,0.9136402606964111,807
Spanish,Thai,0.9136336445808411,808
English,Thai,0.9133582711219788,809
Japanese,Italian,0.9125430583953857,810
Urdu,Portuguese,0.912121593952179,811
Urdu,Cantonese,0.9092350006103516,812
Hindi,Thai,0.9072545766830444,813
Spanish,Bengali,0.9070212244987488,814
Mandarin Chinese,Spanish,0.9059320092201233,815
French,Thai,0.8971125483512878,816
Mandarin Chinese,Hausa,0.8402559161186218,817
Mandarin Chinese,Swedish,0.8374537825584412,818
Mandarin Chinese,Danish,0.8291376829147339,819
Arabic,Odia,0.8288596272468567,820
Arabic,Romanian,0.8288596272468567,821
Arabic,Nepali,0.8288596272468567,822
Arabic,Odia,0.8268028497695923,823
Arabic,Romanian,0.8268028497695923,824
Arabic,Nepali,0.8268028497695923,825
Urdu,Odia,0.8234085440635681,826
Urdu,Romanian,0.8234085440635681,827
Urdu,Nepali,0.8234085440635681,828
Urdu,Gujarati,0.8225167989730835,829
Urdu,Javanese,0.8225167989730835,830
Urdu,Polish,0.8225167989730835,831
Urdu,Punjabi,0.8225167989730835,832
Urdu,Czech,0.8225167989730835,833
Urdu,Amharic,0.8225167989730835,834
Urdu,Burmese,0.8225167989730835,835
Urdu,Khmer,0.8225167989730835,836
Urdu,Somali,0.8225167989730835,837
Urdu,Pashto,0.8225167989730835,838
Urdu,Tagalog,0.8225167989730835,839
Arabic,Hausa,0.82196444272995,840
Urdu,Persian,0.8211390972137451,841
Urdu,Zulu,0.8211390972137451,842
Arabic,Swedish,0.8211050033569336,843
Mandarin Chinese,Dutch,0.8206873536109924,844
Mandarin Chinese,Greek,0.8206873536109924,845
Mandarin Chinese,Sinhalese,0.8206873536109924,846
Mandarin Chinese,Odia,0.8205677270889282,847
Mandarin Chinese,Romanian,0.8205677270889282,848
Mandarin Chinese,Nepali,0.8205677270889282,849
Mandarin Chinese,Gujarati,0.820354163646698,850
Mandarin Chinese,Javanese,0.820354163646698,851
Mandarin Chinese,Polish,0.820354163646698,852
Mandarin Chinese,Punjabi,0.820354163646698,853
Mandarin Chinese,Czech,0.820354163646698,854
Mandarin Chinese,Amharic,0.820354163646698,855
Mandarin Chinese,Burmese,0.820354163646698,856
Mandarin Chinese,Khmer,0.820354163646698,857
Mandarin Chinese,Somali,0.820354163646698,858
Mandarin Chinese,Pashto,0.820354163646698,859
Mandarin Chinese,Tagalog,0.820354163646698,860
Arabic,Hausa,0.8202827572822571,861
Japanese,Swedish,0.8194699883460999,862
Arabic,Persian,0.8191371560096741,863
Arabic,Zulu,0.8191371560096741,864
Mandarin Chinese,Persian,0.8189698457717896,865
Mandarin Chinese,Zulu,0.8189698457717896,866
Japanese,Hausa,0.8189548254013062,867
Arabic,Persian,0.8185186386108398,868
Arabic,Zulu,0.8185186386108398,869
Arabic,Swedish,0.818047046661377,870
Urdu,Dutch,0.8178104162216187,871
Urdu,Greek,0.8178104162216187,872
Urdu,Sinhalese,0.8178104162216187,873
Arabic,Gujarati,0.815546452999115,874
Arabic,Javanese,0.815546452999115,875
Arabic,Polish,0.815546452999115,876
Arabic,Punjabi,0.815546452999115,877
Arabic,Czech,0.815546452999115,878
Arabic,Amharic,0.815546452999115,879
Arabic,Burmese,0.815546452999115,880
Arabic,Khmer,0.815546452999115,881
Arabic,Somali,0.815546452999115,882
Arabic,Pashto,0.815546452999115,883
Arabic,Tagalog,0.815546452999115,884
Arabic,Gujarati,0.8150783181190491,885
Arabic,Javanese,0.8150783181190491,886
Arabic,Polish,0.8150783181190491,887
Arabic,Punjabi,0.8150783181190491,888
Arabic,Czech,0.8150783181190491,889
Arabic,Amharic,0.8150783181190491,890
Arabic,Burmese,0.8150783181190491,891
Arabic,Khmer,0.8150783181190491,892
Arabic,Somali,0.8150783181190491,893
Arabic,Pashto,0.8150783181190491,894
Arabic,Tagalog,0.8150783181190491,895
Cantonese,Hausa,0.8147022724151611,896
Italian,Dutch,0.8143486976623535,897
Italian,Greek,0.8143486976623535,898
Italian,Sinhalese,0.8143486976623535,899
Bengali,Hausa,0.8139855861663818,900
Urdu,Odia,0.8136887550354004,901
Urdu,Romanian,0.8136887550354004,902
Urdu,Nepali,0.8136887550354004,903
Italian,Gujarati,0.8136851191520691,904
Italian,Javanese,0.8136851191520691,905
Italian,Polish,0.8136851191520691,906
Italian,Punjabi,0.8136851191520691,907
Italian,Czech,0.8136851191520691,908
Italian,Amharic,0.8136851191520691,909
Italian,Burmese,0.8136851191520691,910
Italian,Khmer,0.8136851191520691,911
Italian,Somali,0.8136851191520691,912
Italian,Pashto,0.8136851191520691,913
Italian,Tagalog,0.8136851191520691,914
Urdu,Persian,0.8130391836166382,915
Urdu,Zulu,0.8130391836166382,916
Arabic,Dutch,0.811781108379364,917
Arabic,Greek,0.811781108379364,918
Arabic,Sinhalese,0.811781108379364,919
Japanese,Odia,0.8113358020782471,920
Japanese,Romanian,0.8113358020782471,921
Japanese,Nepali,0.8113358020782471,922
Arabic,Dutch,0.810647189617157,923
Arabic,Greek,0.810647189617157,924
Arabic,Sinhalese,0.810647189617157,925
Urdu,Gujarati,0.8105669617652893,926
Urdu,Javanese,0.8105669617652893,927
Urdu,Polish,0.8105669617652893,928
Urdu,Punjabi,0.8105669617652893,929
Urdu,Czech,0.8105669617652893,930
Urdu,Amharic,0.8105669617652893,931
Urdu,Burmese,0.8105669617652893,932
Urdu,Khmer,0.8105669617652893,933
Urdu,Somali,0.8105669617652893,934
Urdu,Pashto,0.8105669617652893,935
Urdu,Tagalog,0.8105669617652893,936
Italian,Hungarian,0.8101897239685059,937
Italian,Hebrew,0.8101897239685059,938
Bengali,Swedish,0.8081414699554443,939
Cantonese,Swedish,0.8080730438232422,940
Bengali,Gujarati,0.8078402280807495,941
Bengali,Javanese,0.8078402280807495,942
Bengali,Polish,0.8078402280807495,943
Bengali,Punjabi,0.8078402280807495,944
Bengali,Czech,0.8078402280807495,945
Bengali,Amharic,0.8078402280807495,946
Bengali,Burmese,0.8078402280807495,947
Bengali,Khmer,0.8078402280807495,948
Bengali,Somali,0.8078402280807495,949
Bengali,Pashto,0.8078402280807495,950
Bengali,Tagalog,0.8078402280807495,951
Bengali,Dutch,0.8076623678207397,952
Bengali,Greek,0.8076623678207397,953
Bengali,Sinhalese,0.8076623678207397,954
Mandarin Chinese,Hungarian,0.8074297308921814,955
Mandarin Chinese,Hebrew,0.8074297308921814,956
Urdu,Dutch,0.8063122034072876,957
Urdu,Greek,0.8063122034072876,958
Urdu,Sinhalese,0.8063122034072876,959
Arabic,Danish,0.806304931640625,960
Italian,Persian,0.8056516051292419,961
Italian,Zulu,0.8056516051292419,962
Thai,Hausa,0.8051219582557678,963
Italian,Odia,0.8046911954879761,964
Italian,Romanian,0.8046911954879761,965
Italian,Nepali,0.8046911954879761,966
Tamil,Gujarati,0.8046639561653137,967
Tamil,Javanese,0.8046639561653137,968
Tamil,Polish,0.8046639561653137,969
Tamil,Punjabi,0.8046639561653137,970
Tamil,Czech,0.8046639561653137,971
Tamil,Amharic,0.8046639561653137,972
Tamil,Burmese,0.8046639561653137,973
Tamil,Khmer,0.8046639561653137,974
Tamil,Somali,0.8046639561653137,975
Tamil,Pashto,0.8046639561653137,976
Tamil,Tagalog,0.8046639561653137,977
Thai,Danish,0.8043855428695679,978
Arabic,Danish,0.8043643832206726,979
Tamil,Dutch,0.8041075468063354,980
Tamil,Greek,0.8041075468063354,981
Tamil,Sinhalese,0.8041075468063354,982
Hindi,Odia,0.8036113977432251,983
Hindi,Romanian,0.8036113977432251,984
Hindi,Nepali,0.8036113977432251,985
Italian,Danish,0.803280770778656,986
Mandarin Chinese,Malay,0.80293869972229,987
Mandarin Chinese,Ukrainian,0.80293869972229,988
Bengali,Danish,0.8027255535125732,989
Hindi,Persian,0.8018619418144226,990
Hindi,Zulu,0.8018619418144226,991
Portuguese,Dutch,0.8012650609016418,992
Portuguese,Greek,0.8012650609016418,993
Portuguese,Sinhalese,0.8012650609016418,994
Japanese,Persian,0.8008083701133728,995
Japanese,Zulu,0.8008083701133728,996
Marathi,Hausa,0.8005096316337585,997
Indonesian,Gujarati,0.8003513216972351,998
Indonesian,Javanese,0.8003513216972351,999
Indonesian,Polish,0.8003513216972351,1000
Indonesian,Punjabi,0.8003513216972351,1001
Indonesian,Czech,0.8003513216972351,1002
Indonesian,Amharic,0.8003513216972351,1003
Indonesian,Burmese,0.8003513216972351,1004
Indonesian,Khmer,0.8003513216972351,1005
Indonesian,Somali,0.8003513216972351,1006
Indonesian,Pashto,0.8003513216972351,1007
Indonesian,Tagalog,0.8003513216972351,1008
Thai,Gujarati,0.8000242710113525,1009
Thai,Javanese,0.8000242710113525,1010
Thai,Polish,0.8000242710113525,1011
Thai,Punjabi,0.8000242710113525,1012
Thai,Czech,0.8000242710113525,1013
Thai,Amharic,0.8000242710113525,1014
Thai,Burmese,0.8000242710113525,1015
Thai,Khmer,0.8000242710113525,1016
Thai,Somali,0.8000242710113525,1017
Thai,Pashto,0.8000242710113525,1018
Thai,Tagalog,0.8000242710113525,1019
Japanese,Danish,0.7997939586639404,1020
Bengali,Odia,0.7995879054069519,1021
Bengali,Romanian,0.7995879054069519,1022
Bengali,Nepali,0.7995879054069519,1023
Turkish,Dutch,0.7993518114089966,1024
Turkish,Greek,0.7993518114089966,1025
Turkish,Sinhalese,0.7993518114089966,1026
Japanese,Gujarati,0.799235999584198,1027
Japanese,Javanese,0.799235999584198,1028
Japanese,Polish,0.799235999584198,1029
Japanese,Punjabi,0.799235999584198,1030
Japanese,Czech,0.799235999584198,1031
Japanese,Amharic,0.799235999584198,1032
Japanese,Burmese,0.799235999584198,1033
Japanese,Khmer,0.799235999584198,1034
Japanese,Somali,0.799235999584198,1035
Japanese,Pashto,0.799235999584198,1036
Japanese,Tagalog,0.799235999584198,1037
Marathi,Gujarati,0.7990142107009888,1038
Marathi,Javanese,0.7990142107009888,1039
Marathi,Polish,0.7990142107009888,1040
Marathi,Punjabi,0.7990142107009888,1041
Marathi,Czech,0.7990142107009888,1042
Marathi,Amharic,0.7990142107009888,1043
Marathi,Burmese,0.7990142107009888,1044
Marathi,Khmer,0.7990142107009888,1045
Marathi,Somali,0.7990142107009888,1046
Marathi,Pashto,0.7990142107009888,1047
Marathi,Tagalog,0.7990142107009888,1048
Tamil,Odia,0.798898458480835,1049
Tamil,Romanian,0.798898458480835,1050
Tamil,Nepali,0.798898458480835,1051
Italian,Hausa,0.7988494634628296,1052
Marathi,Dutch,0.7986736297607422,1053
Marathi,Greek,0.7986736297607422,1054
Marathi,Sinhalese,0.7986736297607422,1055
Indonesian,Dutch,0.7984841465950012,1056
Indonesian,Greek,0.7984841465950012,1057
Indonesian,Sinhalese,0.7984841465950012,1058
Japanese,Dutch,0.7981889843940735,1059
Japanese,Greek,0.7981889843940735,1060
Japanese,Sinhalese,0.7981889843940735,1061
Portuguese,Gujarati,0.7980803847312927,1062
Portuguese,Javanese,0.7980803847312927,1063
Portuguese,Polish,0.7980803847312927,1064
Portuguese,Punjabi,0.7980803847312927,1065
Portuguese,Czech,0.7980803847312927,1066
Portuguese,Amharic,0.7980803847312927,1067
Portuguese,Burmese,0.7980803847312927,1068
Portuguese,Khmer,0.7980803847312927,1069
Portuguese,Somali,0.7980803847312927,1070
Portuguese,Pashto,0.7980803847312927,1071
Portuguese,Tagalog,0.7980803847312927,1072
Marathi,Odia,0.7977504134178162,1073
Marathi,Romanian,0.7977504134178162,1074
Marathi,Nepali,0.7977504134178162,1075
Korean,Hausa,0.7975488901138306,1076
Indonesian,Odia,0.7974333763122559,1077
Indonesian,Romanian,0.7974333763122559,1078
Indonesian,Nepali,0.7974333763122559,1079
Tamil,Hausa,0.7974238991737366,1080
Indonesian,Gujarati,0.7973331809043884,1081
Indonesian,Javanese,0.7973331809043884,1082
Indonesian,Polish,0.7973331809043884,1083
Indonesian,Punjabi,0.7973331809043884,1084
Indonesian,Czech,0.7973331809043884,1085
Indonesian,Amharic,0.7973331809043884,1086
Indonesian,Burmese,0.7973331809043884,1087
Indonesian,Khmer,0.7973331809043884,1088
Indonesian,Somali,0.7973331809043884,1089
Indonesian,Pashto,0.7973331809043884,1090
Indonesian,Tagalog,0.7973331809043884,1091
Thai,Dutch,0.797315239906311,1092
Thai,Greek,0.797315239906311,1093
Thai,Sinhalese,0.797315239906311,1094
Bengali,Hungarian,0.796968400478363,1095
Bengali,Hebrew,0.796968400478363,1096
Indonesian,Odia,0.7968791723251343,1097
Indonesian,Romanian,0.7968791723251343,1098
Indonesian,Nepali,0.7968791723251343,1099
Bengali,Persian,0.7968418002128601,1100
Bengali,Zulu,0.7968418002128601,1101
Urdu,Hungarian,0.7968046069145203,1102
Urdu,Hebrew,0.7968046069145203,1103
Hindi,Gujarati,0.7963995933532715,1104
Hindi,Javanese,0.7963995933532715,1105
Hindi,Polish,0.7963995933532715,1106
Hindi,Punjabi,0.7963995933532715,1107
Hindi,Czech,0.7963995933532715,1108
Hindi,Amharic,0.7963995933532715,1109
Hindi,Burmese,0.7963995933532715,1110
Hindi,Khmer,0.7963995933532715,1111
Hindi,Somali,0.7963995933532715,1112
Hindi,Pashto,0.7963995933532715,1113
Hindi,Tagalog,0.7963995933532715,1114
Marathi,Persian,0.7963487505912781,1115
Marathi,Zulu,0.7963487505912781,1116
Cantonese,Danish,0.7960928678512573,1117
Indonesian,Dutch,0.7959736585617065,1118
Indonesian,Greek,0.7959736585617065,1119
Indonesian,Sinhalese,0.7959736585617065,1120
Marathi,Swedish,0.7959488034248352,1121
Indonesian,Danish,0.7956059575080872,1122
Tamil,Persian,0.7954123616218567,1123
Tamil,Zulu,0.7954123616218567,1124
Swahili,Odia,0.7949234247207642,1125
Swahili,Romanian,0.7949234247207642,1126
Swahili,Nepali,0.7949234247207642,1127
Hindi,Dutch,0.79485023021698,1128
Hindi,Greek,0.79485023021698,1129
Hindi,Sinhalese,0.79485023021698,1130
Korean,Swedish,0.7948488593101501,1131
Thai,Swedish,0.7946838140487671,1132
Indonesian,Persian,0.7943421602249146,1133
Indonesian,Zulu,0.7943421602249146,1134
Telugu,Hausa,0.7940139770507812,1135
Bengali,Hausa,0.7939754128456116,1136
Tamil,Danish,0.7939398288726807,1137
Italian,Swedish,0.7936638593673706,1138
Thai,Odia,0.7934277057647705,1139
Thai,Romanian,0.7934277057647705,1140
Thai,Nepali,0.7934277057647705,1141
Russian,Odia,0.7933438420295715,1142
Russian,Romanian,0.7933438420295715,1143
Russian,Nepali,0.7933438420295715,1144
Swahili,Gujarati,0.793282687664032,1145
Swahili,Javanese,0.793282687664032,1146
Swahili,Polish,0.793282687664032,1147
Swahili,Punjabi,0.793282687664032,1148
Swahili,Czech,0.793282687664032,1149
Swahili,Amharic,0.793282687664032,1150
Swahili,Burmese,0.793282687664032,1151
Swahili,Khmer,0.793282687664032,1152
Swahili,Somali,0.793282687664032,1153
Swahili,Pashto,0.793282687664032,1154
Swahili,Tagalog,0.793282687664032,1155
English,Persian,0.793228030204773,1156
English,Zulu,0.793228030204773,1157
Bengali,Malay,0.7932271957397461,1158
Bengali,Ukrainian,0.7932271957397461,1159
Telugu,Danish,0.7930718064308167,1160
Turkish,Gujarati,0.7929339408874512,1161
Turkish,Javanese,0.7929339408874512,1162
Turkish,Polish,0.7929339408874512,1163
Turkish,Punjabi,0.7929339408874512,1164
Turkish,Czech,0.7929339408874512,1165
Turkish,Amharic,0.7929339408874512,1166
Turkish,Burmese,0.7929339408874512,1167
Turkish,Khmer,0.7929339408874512,1168
Turkish,Somali,0.7929339408874512,1169
Turkish,Pashto,0.7929339408874512,1170
Turkish,Tagalog,0.7929339408874512,1171
Swahili,Dutch,0.7927976846694946,1172
Swahili,Greek,0.7927976846694946,1173
Swahili,Sinhalese,0.7927976846694946,1174
Korean,Odia,0.7926515340805054,1175
Korean,Romanian,0.7926515340805054,1176
Korean,Nepali,0.7926515340805054,1177
Swahili,Hausa,0.7925170660018921,1178
Vietnamese,Gujarati,0.7924197316169739,1179
Vietnamese,Javanese,0.7924197316169739,1180
Vietnamese,Polish,0.7924197316169739,1181
Vietnamese,Punjabi,0.7924197316169739,1182
Vietnamese,Czech,0.7924197316169739,1183
Vietnamese,Amharic,0.7924197316169739,1184
Vietnamese,Burmese,0.7924197316169739,1185
Vietnamese,Khmer,0.7924197316169739,1186
Vietnamese,Somali,0.7924197316169739,1187
Vietnamese,Pashto,0.7924197316169739,1188
Vietnamese,Tagalog,0.7924197316169739,1189
Tamil,Hungarian,0.7924128770828247,1190
Tamil,Hebrew,0.7924128770828247,1191
Indonesian,Persian,0.7924006581306458,1192
Indonesian,Zulu,0.7924006581306458,1193
Indonesian,Hausa,0.792345404624939,1194
Indonesian,Danish,0.7922099828720093,1195
Urdu,Hausa,0.7921310663223267,1196
Italian,Kannada,0.7917505502700806,1197
Telugu,Swedish,0.7916468381881714,1198
Urdu,Danish,0.7914817929267883,1199
Thai,Malay,0.79146409034729,1200
Thai,Ukrainian,0.79146409034729,1201
Indonesian,Hausa,0.7913585901260376,1202
Tamil,Swedish,0.7913126945495605,1203
Swahili,Danish,0.7913100719451904,1204
Turkish,Persian,0.7902273535728455,1205
Turkish,Zulu,0.7902273535728455,1206
Hindi,Hausa,0.7900760769844055,1207
Vietnamese,Odia,0.7900749444961548,1208
Vietnamese,Romanian,0.7900749444961548,1209
Vietnamese,Nepali,0.7900749444961548,1210
Cantonese,Odia,0.7900571227073669,1211
Cantonese,Romanian,0.7900571227073669,1212
Cantonese,Nepali,0.7900571227073669,1213
Arabic,Hungarian,0.7898861169815063,1214
Arabic,Hebrew,0.7898861169815063,1215
Vietnamese,Hausa,0.7898756861686707,1216
Hindi,Swedish,0.7898706197738647,1217
Arabic,Hungarian,0.7897504568099976,1218
Arabic,Hebrew,0.7897504568099976,1219
Cantonese,Gujarati,0.7894273996353149,1220
Cantonese,Javanese,0.7894273996353149,1221
Cantonese,Polish,0.7894273996353149,1222
Cantonese,Punjabi,0.7894273996353149,1223
Cantonese,Czech,0.7894273996353149,1224
Cantonese,Amharic,0.7894273996353149,1225
Cantonese,Burmese,0.7894273996353149,1226
Cantonese,Khmer,0.7894273996353149,1227
Cantonese,Somali,0.7894273996353149,1228
Cantonese,Pashto,0.7894273996353149,1229
Cantonese,Tagalog,0.7894273996353149,1230
Portuguese,Hungarian,0.7894026041030884,1231
Portuguese,Hebrew,0.7894026041030884,1232
Mandarin Chinese,Kannada,0.7891784906387329,1233
Russian,Odia,0.7891674637794495,1234
Russian,Romanian,0.7891674637794495,1235
Russian,Nepali,0.7891674637794495,1236
Vietnamese,Dutch,0.7890541553497314,1237
Vietnamese,Greek,0.7890541553497314,1238
Vietnamese,Sinhalese,0.7890541553497314,1239
Turkish,Odia,0.7887701988220215,1240
Turkish,Romanian,0.7887701988220215,1241
Turkish,Nepali,0.7887701988220215,1242
Telugu,Odia,0.7887262105941772,1243
Telugu,Romanian,0.7887262105941772,1244
Telugu,Nepali,0.7887262105941772,1245
Cantonese,Dutch,0.7886444926261902,1246
Cantonese,Greek,0.7886444926261902,1247
Cantonese,Sinhalese,0.7886444926261902,1248
Portuguese,Persian,0.7883973717689514,1249
Portuguese,Zulu,0.7883973717689514,1250
English,Dutch,0.7882509827613831,1251
English,Greek,0.7882509827613831,1252
English,Sinhalese,0.7882509827613831,1253
Portuguese,Dutch,0.788235604763031,1254
Portuguese,Greek,0.788235604763031,1255
Portuguese,Sinhalese,0.788235604763031,1256
Swahili,Swedish,0.7880603075027466,1257
Portuguese,Persian,0.7880313992500305,1258
Portuguese,Zulu,0.7880313992500305,1259
Swahili,Persian,0.7877556681632996,1260
Swahili,Zulu,0.7877556681632996,1261
Bengali,Swedish,0.7876789569854736,1262
Portuguese,Hausa,0.7873908877372742,1263
Telugu,Dutch,0.7871134281158447,1264
Telugu,Greek,0.7871134281158447,1265
Telugu,Sinhalese,0.7871134281158447,1266
Korean,Gujarati,0.7868115901947021,1267
Korean,Javanese,0.7868115901947021,1268
Korean,Polish,0.7868115901947021,1269
Korean,Punjabi,0.7868115901947021,1270
Korean,Czech,0.7868115901947021,1271
Korean,Amharic,0.7868115901947021,1272
Korean,Burmese,0.7868115901947021,1273
Korean,Khmer,0.7868115901947021,1274
Korean,Somali,0.7868115901947021,1275
Korean,Pashto,0.7868115901947021,1276
Korean,Tagalog,0.7868115901947021,1277
Japanese,Hungarian,0.7864153385162354,1278
Japanese,Hebrew,0.7864153385162354,1279
Turkish,Hungarian,0.7864004373550415,1280
Turkish,Hebrew,0.7864004373550415,1281
Thai,Hungarian,0.786284863948822,1282
Thai,Hebrew,0.786284863948822,1283
Korean,Dutch,0.7862831354141235,1284
Korean,Greek,0.7862831354141235,1285
Korean,Sinhalese,0.7862831354141235,1286
Japanese,Hausa,0.7857756614685059,1287
Marathi,Danish,0.7857261300086975,1288
Urdu,Hungarian,0.7856067419052124,1289
Urdu,Hebrew,0.7856067419052124,1290
Telugu,Gujarati,0.7853618860244751,1291
Telugu,Javanese,0.7853618860244751,1292
Telugu,Polish,0.7853618860244751,1293
Telugu,Punjabi,0.7853618860244751,1294
Telugu,Czech,0.7853618860244751,1295
Telugu,Amharic,0.7853618860244751,1296
Telugu,Burmese,0.7853618860244751,1297
Telugu,Khmer,0.7853618860244751,1298
Telugu,Somali,0.7853618860244751,1299
Telugu,Pashto,0.7853618860244751,1300
Telugu,Tagalog,0.7853618860244751,1301
Vietnamese,Swedish,0.7852022647857666,1302
Thai,Persian,0.7851321697235107,1303
Thai,Zulu,0.7851321697235107,1304
Urdu,Swedish,0.7848281860351562,1305
Indonesian,Hungarian,0.7846177220344543,1306
Indonesian,Hebrew,0.7846177220344543,1307
German,Dutch,0.7845278978347778,1308
German,Greek,0.7845278978347778,1309
German,Sinhalese,0.7845278978347778,1310
Telugu,Persian,0.7845077514648438,1311
Telugu,Zulu,0.7845077514648438,1312
Cantonese,Malay,0.7843655347824097,1313
Cantonese,Ukrainian,0.7843655347824097,1314
Marathi,Hungarian,0.784349262714386,1315
Marathi,Hebrew,0.784349262714386,1316
Bengali,Gujarati,0.7843475341796875,1317
Bengali,Javanese,0.7843475341796875,1318
Bengali,Polish,0.7843475341796875,1319
Bengali,Punjabi,0.7843475341796875,1320
Bengali,Czech,0.7843475341796875,1321
Bengali,Amharic,0.7843475341796875,1322
Bengali,Burmese,0.7843475341796875,1323
Bengali,Khmer,0.7843475341796875,1324
Bengali,Somali,0.7843475341796875,1325
Bengali,Pashto,0.7843475341796875,1326
Bengali,Tagalog,0.7843475341796875,1327
Urdu,Danish,0.7842875719070435,1328
Urdu,Hausa,0.7842849493026733,1329
Russian,Hausa,0.78384929895401,1330
Russian,Persian,0.7838137745857239,1331
Russian,Zulu,0.7838137745857239,1332
German,Gujarati,0.7837622761726379,1333
German,Javanese,0.7837622761726379,1334
German,Polish,0.7837622761726379,1335
German,Punjabi,0.7837622761726379,1336
German,Czech,0.7837622761726379,1337
German,Amharic,0.7837622761726379,1338
German,Burmese,0.7837622761726379,1339
German,Khmer,0.7837622761726379,1340
German,Somali,0.7837622761726379,1341
German,Pashto,0.7837622761726379,1342
German,Tagalog,0.7837622761726379,1343
Korean,Persian,0.7837486863136292,1344
Korean,Zulu,0.7837486863136292,1345
Indonesian,Malay,0.7836132645606995,1346
Indonesian,Ukrainian,0.7836132645606995,1347
German,Persian,0.7835425138473511,1348
German,Zulu,0.7835425138473511,1349
Bengali,Dutch,0.7835402488708496,1350
Bengali,Greek,0.7835402488708496,1351
Bengali,Sinhalese,0.7835402488708496,1352
Korean,Danish,0.7833223938941956,1353
Portuguese,Hausa,0.7833144068717957,1354
Italian,Malay,0.7832107543945312,1355
Italian,Ukrainian,0.7832107543945312,1356
Portuguese,Gujarati,0.7831860780715942,1357
Portuguese,Javanese,0.7831860780715942,1358
Portuguese,Polish,0.7831860780715942,1359
Portuguese,Punjabi,0.7831860780715942,1360
Portuguese,Czech,0.7831860780715942,1361
Portuguese,Amharic,0.7831860780715942,1362
Portuguese,Burmese,0.7831860780715942,1363
Portuguese,Khmer,0.7831860780715942,1364
Portuguese,Somali,0.7831860780715942,1365
Portuguese,Pashto,0.7831860780715942,1366
Portuguese,Tagalog,0.7831860780715942,1367
Turkish,Hausa,0.7830833792686462,1368
English,Gujarati,0.7829926013946533,1369
English,Javanese,0.7829926013946533,1370
English,Polish,0.7829926013946533,1371
English,Punjabi,0.7829926013946533,1372
English,Czech,0.7829926013946533,1373
English,Amharic,0.7829926013946533,1374
English,Burmese,0.7829926013946533,1375
English,Khmer,0.7829926013946533,1376
English,Somali,0.7829926013946533,1377
English,Pashto,0.7829926013946533,1378
English,Tagalog,0.7829926013946533,1379
German,Hausa,0.7829181551933289,1380
German,Odia,0.7828551530838013,1381
German,Romanian,0.7828551530838013,1382
German,Nepali,0.7828551530838013,1383
Vietnamese,Danish,0.7826369404792786,1384
Japanese,Swedish,0.7823261618614197,1385
English,Hausa,0.7820301055908203,1386
Cantonese,Persian,0.7819846272468567,1387
Cantonese,Zulu,0.7819846272468567,1388
Japanese,Malay,0.7818388938903809,1389
Japanese,Ukrainian,0.7818388938903809,1390
Russian,Danish,0.7815091609954834,1391
Russian,Gujarati,0.7814743518829346,1392
Russian,Javanese,0.7814743518829346,1393
Russian,Polish,0.7814743518829346,1394
Russian,Punjabi,0.7814743518829346,1395
Russian,Czech,0.7814743518829346,1396
Russian,Amharic,0.7814743518829346,1397
Russian,Burmese,0.7814743518829346,1398
Russian,Khmer,0.7814743518829346,1399
Russian,Somali,0.7814743518829346,1400
Russian,Pashto,0.7814743518829346,1401
Russian,Tagalog,0.7814743518829346,1402
Hindi,Hungarian,0.7814691662788391,1403
Hindi,Hebrew,0.7814691662788391,1404
Indonesian,Hungarian,0.7812073230743408,1405
Indonesian,Hebrew,0.7812073230743408,1406
Bengali,Odia,0.781108021736145,1407
Bengali,Romanian,0.781108021736145,1408
Bengali,Nepali,0.781108021736145,1409
Russian,Hausa,0.7810515761375427,1410
Russian,Gujarati,0.7808964252471924,1411
Russian,Javanese,0.7808964252471924,1412
Russian,Polish,0.7808964252471924,1413
Russian,Punjabi,0.7808964252471924,1414
Russian,Czech,0.7808964252471924,1415
Russian,Amharic,0.7808964252471924,1416
Russian,Burmese,0.7808964252471924,1417
Russian,Khmer,0.7808964252471924,1418
Russian,Somali,0.7808964252471924,1419
Russian,Pashto,0.7808964252471924,1420
Russian,Tagalog,0.7808964252471924,1421
Japanese,Odia,0.7806682586669922,1422
Japanese,Romanian,0.7806682586669922,1423
Japanese,Nepali,0.7806682586669922,1424
Indonesian,Swedish,0.7806137204170227,1425
Swahili,Hungarian,0.7804533839225769,1426
Swahili,Hebrew,0.7804533839225769,1427
Russian,Swedish,0.7804179191589355,1428
Bengali,Persian,0.7802386283874512,1429
Bengali,Zulu,0.7802386283874512,1430
Tamil,Malay,0.7801329493522644,1431
Tamil,Ukrainian,0.7801329493522644,1432
Indonesian,Swedish,0.7800916433334351,1433
Vietnamese,Persian,0.779879629611969,1434
Vietnamese,Zulu,0.779879629611969,1435
French,Hausa,0.7798570990562439,1436
Vietnamese,Hungarian,0.7797555923461914,1437
Vietnamese,Hebrew,0.7797555923461914,1438
Russian,Persian,0.779679536819458,1439
Russian,Zulu,0.779679536819458,1440
Russian,Dutch,0.7794032096862793,1441
Russian,Greek,0.7794032096862793,1442
Russian,Sinhalese,0.7794032096862793,1443
Portuguese,Odia,0.7790833711624146,1444
Portuguese,Romanian,0.7790833711624146,1445
Portuguese,Nepali,0.7790833711624146,1446
Hindi,Danish,0.7788508534431458,1447
Turkish,Swedish,0.7786084413528442,1448
Bengali,Danish,0.7785636186599731,1449
Turkish,Danish,0.7784695029258728,1450
Russian,Danish,0.7784028649330139,1451
Arabic,Malay,0.7782279253005981,1452
Arabic,Ukrainian,0.7782279253005981,1453
Arabic,Malay,0.7780446410179138,1454
Arabic,Ukrainian,0.7780446410179138,1455
German,Swedish,0.777965247631073,1456
Russian,Dutch,0.7778294682502747,1457
Russian,Greek,0.7778294682502747,1458
Russian,Sinhalese,0.7778294682502747,1459
Indonesian,Malay,0.7777910828590393,1460
Indonesian,Ukrainian,0.7777910828590393,1461
Russian,Swedish,0.7777868509292603,1462
Portuguese,Danish,0.7776801586151123,1463
English,Swedish,0.7775640487670898,1464
Portuguese,Swedish,0.7774728536605835,1465
Portuguese,Swedish,0.7774470448493958,1466
English,Odia,0.7773001194000244,1467
English,Romanian,0.7773001194000244,1468
English,Nepali,0.7773001194000244,1469
Urdu,Swedish,0.7767083048820496,1470
French,Persian,0.7765719890594482,1471
French,Zulu,0.7765719890594482,1472
French,Odia,0.7765300273895264,1473
French,Romanian,0.7765300273895264,1474
French,Nepali,0.7765300273895264,1475
Urdu,Malay,0.7765244245529175,1476
Urdu,Ukrainian,0.7765244245529175,1477
Portuguese,Odia,0.7762401103973389,1478
Portuguese,Romanian,0.7762401103973389,1479
Portuguese,Nepali,0.7762401103973389,1480
French,Swedish,0.7757155895233154,1481
Bengali,Kannada,0.7757004499435425,1482
English,Hungarian,0.7744300365447998,1483
English,Hebrew,0.7744300365447998,1484
Portuguese,Danish,0.7741731405258179,1485
Spanish,Dutch,0.7741220593452454,1486
Spanish,Greek,0.7741220593452454,1487
Spanish,Sinhalese,0.7741220593452454,1488
German,Danish,0.773777186870575,1489
Cantonese,Hungarian,0.7737430334091187,1490
Cantonese,Hebrew,0.7737430334091187,1491
Telugu,Hungarian,0.7734412550926208,1492
Telugu,Hebrew,0.7734412550926208,1493
Portuguese,Hungarian,0.7729096412658691,1494
Portuguese,Hebrew,0.7729096412658691,1495
Urdu,Kannada,0.7725762128829956,1496
Japanese,Persian,0.7722918391227722,1497
Japanese,Zulu,0.7722918391227722,1498
Tamil,Kannada,0.7721842527389526,1499
Vietnamese,Malay,0.7714473009109497,1500
Vietnamese,Ukrainian,0.7714473009109497,1501
French,Gujarati,0.7710581421852112,1502
French,Javanese,0.7710581421852112,1503
French,Polish,0.7710581421852112,1504
French,Punjabi,0.7710581421852112,1505
French,Czech,0.7710581421852112,1506
French,Amharic,0.7710581421852112,1507
French,Burmese,0.7710581421852112,1508
French,Khmer,0.7710581421852112,1509
French,Somali,0.7710581421852112,1510
French,Pashto,0.7710581421852112,1511
French,Tagalog,0.7710581421852112,1512
Japanese,Gujarati,0.7709299921989441,1513
Japanese,Javanese,0.7709299921989441,1514
Japanese,Polish,0.7709299921989441,1515
Japanese,Punjabi,0.7709299921989441,1516
Japanese,Czech,0.7709299921989441,1517
Japanese,Amharic,0.7709299921989441,1518
Japanese,Burmese,0.7709299921989441,1519
Japanese,Khmer,0.7709299921989441,1520
Japanese,Somali,0.7709299921989441,1521
Japanese,Pashto,0.7709299921989441,1522
Japanese,Tagalog,0.7709299921989441,1523
Bengali,Hungarian,0.7709118127822876,1524
Bengali,Hebrew,0.7709118127822876,1525
Portuguese,Kannada,0.7702056169509888,1526
Swahili,Malay,0.7699869275093079,1527
Swahili,Ukrainian,0.7699869275093079,1528
Japanese,Dutch,0.7697567939758301,1529
Japanese,Greek,0.7697567939758301,1530
Japanese,Sinhalese,0.7697567939758301,1531
Russian,Hungarian,0.7693552374839783,1532
Russian,Hebrew,0.7693552374839783,1533
Japanese,Kannada,0.7690519094467163,1534
Turkish,Kannada,0.7688629627227783,1535
Korean,Hungarian,0.7687972784042358,1536
Korean,Hebrew,0.7687972784042358,1537
Russian,Malay,0.7685516476631165,1538
Russian,Ukrainian,0.7685516476631165,1539
French,Dutch,0.768006443977356,1540
French,Greek,0.768006443977356,1541
French,Sinhalese,0.768006443977356,1542
Spanish,Gujarati,0.7675836682319641,1543
Spanish,Javanese,0.7675836682319641,1544
Spanish,Polish,0.7675836682319641,1545
Spanish,Punjabi,0.7675836682319641,1546
Spanish,Czech,0.7675836682319641,1547
Spanish,Amharic,0.7675836682319641,1548
Spanish,Burmese,0.7675836682319641,1549
Spanish,Khmer,0.7675836682319641,1550
Spanish,Somali,0.7675836682319641,1551
Spanish,Pashto,0.7675836682319641,1552
Spanish,Tagalog,0.7675836682319641,1553
Japanese,Danish,0.7672917246818542,1554
Russian,Hungarian,0.7671202421188354,1555
Russian,Hebrew,0.7671202421188354,1556
German,Persian,0.7665255069732666,1557
German,Zulu,0.7665255069732666,1558
Urdu,Malay,0.7664417028427124,1559
Urdu,Ukrainian,0.7664417028427124,1560
German,Hungarian,0.766280472278595,1561
German,Hebrew,0.766280472278595,1562
Thai,Kannada,0.7657997608184814,1563
Arabic,Kannada,0.7657475471496582,1564
German,Odia,0.7656816840171814,1565
German,Romanian,0.7656816840171814,1566
German,Nepali,0.7656816840171814,1567
Russian,Malay,0.7654220461845398,1568
Russian,Ukrainian,0.7654220461845398,1569
English,Danish,0.7653721570968628,1570
Arabic,Kannada,0.7652413249015808,1571
Bengali,Malay,0.7649242281913757,1572
Bengali,Ukrainian,0.7649242281913757,1573
Telugu,Malay,0.7647387981414795,1574
Telugu,Ukrainian,0.7647387981414795,1575
French,Danish,0.7642667293548584,1576
Portuguese,Malay,0.7642418742179871,1577
Portuguese,Ukrainian,0.7642418742179871,1578
Spanish,Odia,0.7641429901123047,1579
Spanish,Romanian,0.7641429901123047,1580
Spanish,Nepali,0.7641429901123047,1581
Marathi,Malay,0.7638211250305176,1582
Marathi,Ukrainian,0.7638211250305176,1583
German,Dutch,0.7634170651435852,1584
German,Greek,0.7634170651435852,1585
German,Sinhalese,0.7634170651435852,1586
German,Gujarati,0.763331413269043,1587
German,Javanese,0.763331413269043,1588
German,Polish,0.763331413269043,1589
German,Punjabi,0.763331413269043,1590
German,Czech,0.763331413269043,1591
German,Amharic,0.763331413269043,1592
German,Burmese,0.763331413269043,1593
German,Khmer,0.763331413269043,1594
German,Somali,0.763331413269043,1595
German,Pashto,0.763331413269043,1596
German,Tagalog,0.763331413269043,1597
German,Hausa,0.7631964683532715,1598
Spanish,Hungarian,0.7624543309211731,1599
Spanish,Hebrew,0.7624543309211731,1600
Indonesian,Kannada,0.7615624666213989,1601
Urdu,Kannada,0.7604195475578308,1602
Marathi,Kannada,0.7602754235267639,1603
Hindi,Kannada,0.7602002620697021,1604
Vietnamese,Kannada,0.7600939273834229,1605
Swahili,Kannada,0.7598609924316406,1606
Hindi,Malay,0.7585152387619019,1607
Hindi,Ukrainian,0.7585152387619019,1608
German,Swedish,0.7582253813743591,1609
Spanish,Persian,0.7580897808074951,1610
Spanish,Zulu,0.7580897808074951,1611
Indonesian,Kannada,0.7572044134140015,1612
Korean,Malay,0.7570260763168335,1613
Korean,Ukrainian,0.7570260763168335,1614
English,Kannada,0.7564833760261536,1615
German,Danish,0.7559232711791992,1616
Telugu,Kannada,0.7542479038238525,1617
Turkish,Malay,0.7534468173980713,1618
Turkish,Ukrainian,0.7534468173980713,1619
Japanese,Hungarian,0.7531878352165222,1620
Japanese,Hebrew,0.7531878352165222,1621
Portuguese,Kannada,0.7529752254486084,1622
Cantonese,Kannada,0.7516978979110718,1623
Japanese,Malay,0.7515978813171387,1624
Japanese,Ukrainian,0.7515978813171387,1625
Portuguese,Malay,0.7505127191543579,1626
Portuguese,Ukrainian,0.7505127191543579,1627
German,Malay,0.7503863573074341,1628
German,Ukrainian,0.7503863573074341,1629
Russian,Kannada,0.749168872833252,1630
English,Malay,0.7491034865379333,1631
English,Ukrainian,0.7491034865379333,1632
French,Hungarian,0.748822808265686,1633
French,Hebrew,0.748822808265686,1634
French,Malay,0.7475411295890808,1635
French,Ukrainian,0.7475411295890808,1636
Korean,Kannada,0.7475021481513977,1637
Bengali,Kannada,0.7471047639846802,1638
German,Hungarian,0.7458460330963135,1639
German,Hebrew,0.7458460330963135,1640
Russian,Kannada,0.7454521656036377,1641
Spanish,Hausa,0.745441734790802,1642
Spanish,Kannada,0.7450946569442749,1643
German,Kannada,0.7426161170005798,1644
Spanish,Swedish,0.7426013946533203,1645
Spanish,Danish,0.7415335774421692,1646
Japanese,Kannada,0.7288029789924622,1647
German,Malay,0.72850501537323,1648
German,Ukrainian,0.72850501537323,1649
French,Kannada,0.724784255027771,1650
German,Kannada,0.7214968204498291,1651
Spanish,Malay,0.7182470560073853,1652
Spanish,Ukrainian,0.7182470560073853,1653